Conjunto,Clase,Ruta
train,Bacterial,./data/covid-chest-xray/Bacterial/Bacterial-2.jpg
train,Bacterial,./data/covid-chest-xray/Bacterial/Bacterial-38.jpg
train,Bacterial,./data/covid-chest-xray/Bacterial/Bacterial-1.jpg
train,Bacterial,./data/covid-chest-xray/Bacterial/Bacterial-35.jpg
train,Bacterial,./data/covid-chest-xray/Bacterial/Bacterial-11.jpg
train,Bacterial,./data/covid-chest-xray/Bacterial/Bacterial-23.jpg
train,Bacterial,./data/covid-chest-xray/Bacterial/Bacterial-6.jpg
train,Bacterial,./data/covid-chest-xray/Bacterial/Bacterial-29.jpeg
train,Bacterial,./data/covid-chest-xray/Bacterial/Bacterial-34.jpg
train,Bacterial,./data/covid-chest-xray/Bacterial/Bacterial-18.jpg
train,Bacterial,./data/covid-chest-xray/Bacterial/Bacterial-4.jpg
train,Bacterial,./data/covid-chest-xray/Bacterial/Bacterial-19.jpg
train,Bacterial,./data/covid-chest-xray/Bacterial/Bacterial-31.png
train,Bacterial,./data/covid-chest-xray/Bacterial/Bacterial-3.jpg
train,Bacterial,./data/covid-chest-xray/Bacterial/Bacterial-20.jpg
train,Bacterial,./data/covid-chest-xray/Bacterial/Bacterial-7.jpg
train,Bacterial,./data/covid-chest-xray/Bacterial/Bacterial-13.jpg
train,Bacterial,./data/covid-chest-xray/Bacterial/Bacterial-22.jpeg
train,Bacterial,./data/covid-chest-xray/Bacterial/Bacterial-40.jpg
train,Bacterial,./data/covid-chest-xray/Bacterial/Bacterial-17.jpg
train,Bacterial,./data/covid-chest-xray/Bacterial/Bacterial-27.png
train,Bacterial,./data/covid-chest-xray/Bacterial/Bacterial-16.jpg
train,Bacterial,./data/covid-chest-xray/Bacterial/Bacterial-15.jpg
train,Bacterial,./data/covid-chest-xray/Bacterial/Bacterial-10.jpg
train,Bacterial,./data/covid-chest-xray/Bacterial/Bacterial-43.jpg
train,Bacterial,./data/covid-chest-xray/Bacterial/Bacterial-39.jpg
train,Bacterial,./data/covid-chest-xray/Bacterial/Bacterial-48.png
train,Bacterial,./data/covid-chest-xray/Bacterial/Bacterial-25.png
train,Bacterial,./data/covid-chest-xray/Bacterial/Bacterial-30.jpg
train,Bacterial,./data/covid-chest-xray/Bacterial/Bacterial-42.jpg
train,Bacterial,./data/covid-chest-xray/Bacterial/Bacterial-45.jpg
train,Bacterial,./data/covid-chest-xray/Bacterial/Bacterial-14.jpeg
train,Bacterial,./data/covid-chest-xray/Bacterial/Bacterial-47.jpg
train,COVID-19,./data/covid-chest-xray/COVID-19/COVID-19-256.jpeg
train,COVID-19,./data/covid-chest-xray/COVID-19/COVID-19-285.png
train,COVID-19,./data/covid-chest-xray/COVID-19/COVID-19-3.jpg
train,COVID-19,./data/covid-chest-xray/COVID-19/COVID-19-248.jpeg
train,COVID-19,./data/covid-chest-xray/COVID-19/COVID-19-92.jpg
train,COVID-19,./data/covid-chest-xray/COVID-19/COVID-19-48.jpg
train,COVID-19,./data/covid-chest-xray/COVID-19/COVID-19-108.jpg
train,COVID-19,./data/covid-chest-xray/COVID-19/COVID-19-212.png
train,COVID-19,./data/covid-chest-xray/COVID-19/COVID-19-303.jpg
train,COVID-19,./data/covid-chest-xray/COVID-19/COVID-19-23.png
train,COVID-19,./data/covid-chest-xray/COVID-19/COVID-19-133.jpg
train,COVID-19,./data/covid-chest-xray/COVID-19/COVID-19-292.jpeg
train,COVID-19,./data/covid-chest-xray/COVID-19/COVID-19-112.jpeg
train,COVID-19,./data/covid-chest-xray/COVID-19/COVID-19-157.png
train,COVID-19,./data/covid-chest-xray/COVID-19/COVID-19-87.jpg
train,COVID-19,./data/covid-chest-xray/COVID-19/COVID-19-24.jpg
train,COVID-19,./data/covid-chest-xray/COVID-19/COVID-19-1.jpeg
train,COVID-19,./data/covid-chest-xray/COVID-19/COVID-19-272.png
train,COVID-19,./data/covid-chest-xray/COVID-19/COVID-19-334.png
train,COVID-19,./data/covid-chest-xray/COVID-19/COVID-19-233.jpeg
train,COVID-19,./data/covid-chest-xray/COVID-19/COVID-19-109.jpg
train,COVID-19,./data/covid-chest-xray/COVID-19/COVID-19-162.jpg
train,COVID-19,./data/covid-chest-xray/COVID-19/COVID-19-37.jpeg
train,COVID-19,./data/covid-chest-xray/COVID-19/COVID-19-91.png
train,COVID-19,./data/covid-chest-xray/COVID-19/COVID-19-137.jpg
train,COVID-19,./data/covid-chest-xray/COVID-19/COVID-19-161.jpg
train,COVID-19,./data/covid-chest-xray/COVID-19/COVID-19-201.jpg
train,COVID-19,./data/covid-chest-xray/COVID-19/COVID-19-302.jpg
train,COVID-19,./data/covid-chest-xray/COVID-19/COVID-19-117.jpeg
train,COVID-19,./data/covid-chest-xray/COVID-19/COVID-19-324.png
train,COVID-19,./data/covid-chest-xray/COVID-19/COVID-19-264.jpeg
train,COVID-19,./data/covid-chest-xray/COVID-19/COVID-19-258.jpeg
train,COVID-19,./data/covid-chest-xray/COVID-19/COVID-19-31.png
train,COVID-19,./data/covid-chest-xray/COVID-19/COVID-19-330.png
train,COVID-19,./data/covid-chest-xray/COVID-19/COVID-19-331.png
train,COVID-19,./data/covid-chest-xray/COVID-19/COVID-19-194.jpeg
train,COVID-19,./data/covid-chest-xray/COVID-19/COVID-19-190.jpg
train,COVID-19,./data/covid-chest-xray/COVID-19/COVID-19-178.jpg
train,COVID-19,./data/covid-chest-xray/COVID-19/COVID-19-296.png
train,COVID-19,./data/covid-chest-xray/COVID-19/COVID-19-132.png
train,COVID-19,./data/covid-chest-xray/COVID-19/COVID-19-99.png
train,COVID-19,./data/covid-chest-xray/COVID-19/COVID-19-246.png
train,COVID-19,./data/covid-chest-xray/COVID-19/COVID-19-114.jpg
train,COVID-19,./data/covid-chest-xray/COVID-19/COVID-19-242.jpg
train,COVID-19,./data/covid-chest-xray/COVID-19/COVID-19-101.png
train,COVID-19,./data/covid-chest-xray/COVID-19/COVID-19-210.jpeg
train,COVID-19,./data/covid-chest-xray/COVID-19/COVID-19-19.jpeg
train,COVID-19,./data/covid-chest-xray/COVID-19/COVID-19-260.png
train,COVID-19,./data/covid-chest-xray/COVID-19/COVID-19-116.jpg
train,COVID-19,./data/covid-chest-xray/COVID-19/COVID-19-158.jpeg
train,COVID-19,./data/covid-chest-xray/COVID-19/COVID-19-312.jpeg
train,COVID-19,./data/covid-chest-xray/COVID-19/COVID-19-41.jpeg
train,COVID-19,./data/covid-chest-xray/COVID-19/COVID-19-32.jpg
train,COVID-19,./data/covid-chest-xray/COVID-19/COVID-19-150.png
train,COVID-19,./data/covid-chest-xray/COVID-19/COVID-19-11.jpeg
train,COVID-19,./data/covid-chest-xray/COVID-19/COVID-19-2.jpg
train,COVID-19,./data/covid-chest-xray/COVID-19/COVID-19-225.jpg
train,COVID-19,./data/covid-chest-xray/COVID-19/COVID-19-88.jpg
train,COVID-19,./data/covid-chest-xray/COVID-19/COVID-19-279.png
train,COVID-19,./data/covid-chest-xray/COVID-19/COVID-19-76.jpeg
train,COVID-19,./data/covid-chest-xray/COVID-19/COVID-19-171.jpg
train,COVID-19,./data/covid-chest-xray/COVID-19/COVID-19-159.jpeg
train,COVID-19,./data/covid-chest-xray/COVID-19/COVID-19-240.jpeg
train,COVID-19,./data/covid-chest-xray/COVID-19/COVID-19-61.jpg
train,COVID-19,./data/covid-chest-xray/COVID-19/COVID-19-311.jpg
train,COVID-19,./data/covid-chest-xray/COVID-19/COVID-19-126.jpg
train,COVID-19,./data/covid-chest-xray/COVID-19/COVID-19-266.jpeg
train,COVID-19,./data/covid-chest-xray/COVID-19/COVID-19-283.png
train,COVID-19,./data/covid-chest-xray/COVID-19/COVID-19-197.jpg
train,COVID-19,./data/covid-chest-xray/COVID-19/COVID-19-136.jpg
train,COVID-19,./data/covid-chest-xray/COVID-19/COVID-19-327.jpg
train,COVID-19,./data/covid-chest-xray/COVID-19/COVID-19-282.png
train,COVID-19,./data/covid-chest-xray/COVID-19/COVID-19-120.png
train,COVID-19,./data/covid-chest-xray/COVID-19/COVID-19-320.jpg
train,COVID-19,./data/covid-chest-xray/COVID-19/COVID-19-62.jpeg
train,COVID-19,./data/covid-chest-xray/COVID-19/COVID-19-295.png
train,COVID-19,./data/covid-chest-xray/COVID-19/COVID-19-72.jpg
train,COVID-19,./data/covid-chest-xray/COVID-19/COVID-19-203.jpeg
train,COVID-19,./data/covid-chest-xray/COVID-19/COVID-19-301.png
train,COVID-19,./data/covid-chest-xray/COVID-19/COVID-19-220.png
train,COVID-19,./data/covid-chest-xray/COVID-19/COVID-19-229.jpg
train,COVID-19,./data/covid-chest-xray/COVID-19/COVID-19-319.jpg
train,COVID-19,./data/covid-chest-xray/COVID-19/COVID-19-75.jpg
train,COVID-19,./data/covid-chest-xray/COVID-19/COVID-19-329.jpg
train,COVID-19,./data/covid-chest-xray/COVID-19/COVID-19-231.jpg
train,COVID-19,./data/covid-chest-xray/COVID-19/COVID-19-205.jpg
train,COVID-19,./data/covid-chest-xray/COVID-19/COVID-19-186.jpg
train,COVID-19,./data/covid-chest-xray/COVID-19/COVID-19-113.png
train,COVID-19,./data/covid-chest-xray/COVID-19/COVID-19-35.png
train,COVID-19,./data/covid-chest-xray/COVID-19/COVID-19-49.jpeg
train,COVID-19,./data/covid-chest-xray/COVID-19/COVID-19-89.jpg
train,COVID-19,./data/covid-chest-xray/COVID-19/COVID-19-249.jpeg
train,COVID-19,./data/covid-chest-xray/COVID-19/COVID-19-124.png
train,COVID-19,./data/covid-chest-xray/COVID-19/COVID-19-44.jpeg
train,COVID-19,./data/covid-chest-xray/COVID-19/COVID-19-300.jpeg
train,COVID-19,./data/covid-chest-xray/COVID-19/COVID-19-64.jpeg
train,COVID-19,./data/covid-chest-xray/COVID-19/COVID-19-10.jpeg
train,COVID-19,./data/covid-chest-xray/COVID-19/COVID-19-217.jpg
train,COVID-19,./data/covid-chest-xray/COVID-19/COVID-19-341.jpeg
train,COVID-19,./data/covid-chest-xray/COVID-19/COVID-19-181.jpg
train,COVID-19,./data/covid-chest-xray/COVID-19/COVID-19-267.png
train,COVID-19,./data/covid-chest-xray/COVID-19/COVID-19-160.jpg
train,COVID-19,./data/covid-chest-xray/COVID-19/COVID-19-40.jpeg
train,COVID-19,./data/covid-chest-xray/COVID-19/COVID-19-86.jpeg
train,COVID-19,./data/covid-chest-xray/COVID-19/COVID-19-337.jpg
train,COVID-19,./data/covid-chest-xray/COVID-19/COVID-19-192.jpeg
train,COVID-19,./data/covid-chest-xray/COVID-19/COVID-19-42.jpeg
train,COVID-19,./data/covid-chest-xray/COVID-19/COVID-19-328.jpg
train,COVID-19,./data/covid-chest-xray/COVID-19/COVID-19-140.jpg
train,COVID-19,./data/covid-chest-xray/COVID-19/COVID-19-193.jpeg
train,COVID-19,./data/covid-chest-xray/COVID-19/COVID-19-317.png
train,COVID-19,./data/covid-chest-xray/COVID-19/COVID-19-93.jpg
train,COVID-19,./data/covid-chest-xray/COVID-19/COVID-19-52.png
train,COVID-19,./data/covid-chest-xray/COVID-19/COVID-19-340.jpg
train,COVID-19,./data/covid-chest-xray/COVID-19/COVID-19-154.jpg
train,COVID-19,./data/covid-chest-xray/COVID-19/COVID-19-135.png
train,COVID-19,./data/covid-chest-xray/COVID-19/COVID-19-304.jpg
train,COVID-19,./data/covid-chest-xray/COVID-19/COVID-19-167.jpg
train,COVID-19,./data/covid-chest-xray/COVID-19/COVID-19-269.png
train,COVID-19,./data/covid-chest-xray/COVID-19/COVID-19-277.jpeg
train,COVID-19,./data/covid-chest-xray/COVID-19/COVID-19-183.jpg
train,COVID-19,./data/covid-chest-xray/COVID-19/COVID-19-139.jpg
train,COVID-19,./data/covid-chest-xray/COVID-19/COVID-19-138.jpg
train,COVID-19,./data/covid-chest-xray/COVID-19/COVID-19-191.jpg
train,COVID-19,./data/covid-chest-xray/COVID-19/COVID-19-241.jpg
train,COVID-19,./data/covid-chest-xray/COVID-19/COVID-19-221.png
train,COVID-19,./data/covid-chest-xray/COVID-19/COVID-19-270.png
train,COVID-19,./data/covid-chest-xray/COVID-19/COVID-19-59.jpeg
train,COVID-19,./data/covid-chest-xray/COVID-19/COVID-19-310.png
train,COVID-19,./data/covid-chest-xray/COVID-19/COVID-19-66.jpg
train,COVID-19,./data/covid-chest-xray/COVID-19/COVID-19-251.jpeg
train,COVID-19,./data/covid-chest-xray/COVID-19/COVID-19-243.jpg
train,COVID-19,./data/covid-chest-xray/COVID-19/COVID-19-14.jpeg
train,COVID-19,./data/covid-chest-xray/COVID-19/COVID-19-252.jpeg
train,COVID-19,./data/covid-chest-xray/COVID-19/COVID-19-55.jpeg
train,COVID-19,./data/covid-chest-xray/COVID-19/COVID-19-107.jpg
train,COVID-19,./data/covid-chest-xray/COVID-19/COVID-19-250.jpeg
train,COVID-19,./data/covid-chest-xray/COVID-19/COVID-19-232.jpg
train,COVID-19,./data/covid-chest-xray/COVID-19/COVID-19-342.jpg
train,COVID-19,./data/covid-chest-xray/COVID-19/COVID-19-261.png
train,COVID-19,./data/covid-chest-xray/COVID-19/COVID-19-305.jpg
train,COVID-19,./data/covid-chest-xray/COVID-19/COVID-19-60.jpeg
train,COVID-19,./data/covid-chest-xray/COVID-19/COVID-19-289.jpg
train,COVID-19,./data/covid-chest-xray/COVID-19/COVID-19-338.jpg
train,COVID-19,./data/covid-chest-xray/COVID-19/COVID-19-17.jpeg
train,COVID-19,./data/covid-chest-xray/COVID-19/COVID-19-280.png
train,COVID-19,./data/covid-chest-xray/COVID-19/COVID-19-80.jpg
train,COVID-19,./data/covid-chest-xray/COVID-19/COVID-19-339.jpg
train,COVID-19,./data/covid-chest-xray/COVID-19/COVID-19-298.jpeg
train,COVID-19,./data/covid-chest-xray/COVID-19/COVID-19-297.jpg
train,COVID-19,./data/covid-chest-xray/COVID-19/COVID-19-255.jpeg
train,COVID-19,./data/covid-chest-xray/COVID-19/COVID-19-172.jpg
train,COVID-19,./data/covid-chest-xray/COVID-19/COVID-19-38.jpg
train,COVID-19,./data/covid-chest-xray/COVID-19/COVID-19-286.png
train,COVID-19,./data/covid-chest-xray/COVID-19/COVID-19-237.jpeg
train,COVID-19,./data/covid-chest-xray/COVID-19/COVID-19-8.png
train,COVID-19,./data/covid-chest-xray/COVID-19/COVID-19-56.jpeg
train,COVID-19,./data/covid-chest-xray/COVID-19/COVID-19-268.png
train,COVID-19,./data/covid-chest-xray/COVID-19/COVID-19-96.jpg
train,COVID-19,./data/covid-chest-xray/COVID-19/COVID-19-216.jpg
train,COVID-19,./data/covid-chest-xray/COVID-19/COVID-19-236.jpeg
train,COVID-19,./data/covid-chest-xray/COVID-19/COVID-19-115.jpg
train,COVID-19,./data/covid-chest-xray/COVID-19/COVID-19-195.jpg
train,COVID-19,./data/covid-chest-xray/COVID-19/COVID-19-239.jpeg
train,COVID-19,./data/covid-chest-xray/COVID-19/COVID-19-123.png
train,COVID-19,./data/covid-chest-xray/COVID-19/COVID-19-169.jpg
train,COVID-19,./data/covid-chest-xray/COVID-19/COVID-19-50.png
train,COVID-19,./data/covid-chest-xray/COVID-19/COVID-19-182.jpg
train,COVID-19,./data/covid-chest-xray/COVID-19/COVID-19-143.jpg
train,COVID-19,./data/covid-chest-xray/COVID-19/COVID-19-57.png
train,COVID-19,./data/covid-chest-xray/COVID-19/COVID-19-18.jpeg
train,COVID-19,./data/covid-chest-xray/COVID-19/COVID-19-7.png
train,COVID-19,./data/covid-chest-xray/COVID-19/COVID-19-198.jpg
train,COVID-19,./data/covid-chest-xray/COVID-19/COVID-19-4.png
train,COVID-19,./data/covid-chest-xray/COVID-19/COVID-19-224.png
train,COVID-19,./data/covid-chest-xray/COVID-19/COVID-19-77.jpg
train,COVID-19,./data/covid-chest-xray/COVID-19/COVID-19-325.png
train,COVID-19,./data/covid-chest-xray/COVID-19/COVID-19-5.png
train,COVID-19,./data/covid-chest-xray/COVID-19/COVID-19-9.png
train,COVID-19,./data/covid-chest-xray/COVID-19/COVID-19-187.jpg
train,COVID-19,./data/covid-chest-xray/COVID-19/COVID-19-73.jpg
train,COVID-19,./data/covid-chest-xray/COVID-19/COVID-19-174.jpg
train,COVID-19,./data/covid-chest-xray/COVID-19/COVID-19-335.png
train,COVID-19,./data/covid-chest-xray/COVID-19/COVID-19-100.png
train,COVID-19,./data/covid-chest-xray/COVID-19/COVID-19-125.png
train,COVID-19,./data/covid-chest-xray/COVID-19/COVID-19-22.jpeg
train,COVID-19,./data/covid-chest-xray/COVID-19/COVID-19-315.jpg
train,COVID-19,./data/covid-chest-xray/COVID-19/COVID-19-90.jpg
train,COVID-19,./data/covid-chest-xray/COVID-19/COVID-19-313.jpeg
train,COVID-19,./data/covid-chest-xray/COVID-19/COVID-19-275.png
train,COVID-19,./data/covid-chest-xray/COVID-19/COVID-19-200.jpeg
train,COVID-19,./data/covid-chest-xray/COVID-19/COVID-19-128.png
train,COVID-19,./data/covid-chest-xray/COVID-19/COVID-19-156.jpeg
train,COVID-19,./data/covid-chest-xray/COVID-19/COVID-19-121.jpg
train,COVID-19,./data/covid-chest-xray/COVID-19/COVID-19-287.png
train,COVID-19,./data/covid-chest-xray/COVID-19/COVID-19-170.png
train,COVID-19,./data/covid-chest-xray/COVID-19/COVID-19-253.jpeg
train,COVID-19,./data/covid-chest-xray/COVID-19/COVID-19-209.png
train,COVID-19,./data/covid-chest-xray/COVID-19/COVID-19-184.jpg
train,COVID-19,./data/covid-chest-xray/COVID-19/COVID-19-165.jpg
train,COVID-19,./data/covid-chest-xray/COVID-19/COVID-19-228.jpg
train,COVID-19,./data/covid-chest-xray/COVID-19/COVID-19-63.jpeg
train,COVID-19,./data/covid-chest-xray/COVID-19/COVID-19-238.jpeg
train,COVID-19,./data/covid-chest-xray/COVID-19/COVID-19-134.png
train,COVID-19,./data/covid-chest-xray/COVID-19/COVID-19-263.jpeg
train,COVID-19,./data/covid-chest-xray/COVID-19/COVID-19-28.png
train,COVID-19,./data/covid-chest-xray/COVID-19/COVID-19-284.png
train,COVID-19,./data/covid-chest-xray/COVID-19/COVID-19-196.jpg
train,COVID-19,./data/covid-chest-xray/COVID-19/COVID-19-106.jpeg
train,COVID-19,./data/covid-chest-xray/COVID-19/COVID-19-163.jpg
train,COVID-19,./data/covid-chest-xray/COVID-19/COVID-19-81.jpeg
train,COVID-19,./data/covid-chest-xray/COVID-19/COVID-19-151.jpg
train,COVID-19,./data/covid-chest-xray/COVID-19/COVID-19-145.jpg
train,COVID-19,./data/covid-chest-xray/COVID-19/COVID-19-204.jpg
train,COVID-19,./data/covid-chest-xray/COVID-19/COVID-19-95.png
train,COVID-19,./data/covid-chest-xray/COVID-19/COVID-19-222.jpg
train,COVID-19,./data/covid-chest-xray/COVID-19/COVID-19-97.jpg
train,COVID-19,./data/covid-chest-xray/COVID-19/COVID-19-281.png
train,COVID-19,./data/covid-chest-xray/COVID-19/COVID-19-83.jpeg
train,COVID-19,./data/covid-chest-xray/COVID-19/COVID-19-254.jpeg
train,COVID-19,./data/covid-chest-xray/COVID-19/COVID-19-316.jpg
train,COVID-19,./data/covid-chest-xray/COVID-19/COVID-19-119.png
train,COVID-19,./data/covid-chest-xray/COVID-19/COVID-19-20.jpg
train,COVID-19,./data/covid-chest-xray/COVID-19/COVID-19-46.png
train,COVID-19,./data/covid-chest-xray/COVID-19/COVID-19-291.jpg
train,COVID-19,./data/covid-chest-xray/COVID-19/COVID-19-45.jpeg
train,COVID-19,./data/covid-chest-xray/COVID-19/COVID-19-36.png
train,COVID-19,./data/covid-chest-xray/COVID-19/COVID-19-247.png
train,COVID-19,./data/covid-chest-xray/COVID-19/COVID-19-16.jpeg
train,COVID-19,./data/covid-chest-xray/COVID-19/COVID-19-290.png
train,COVID-19,./data/covid-chest-xray/COVID-19/COVID-19-153.jpg
train,COVID-19,./data/covid-chest-xray/COVID-19/COVID-19-235.png
train,COVID-19,./data/covid-chest-xray/COVID-19/COVID-19-314.jpg
train,COVID-19,./data/covid-chest-xray/COVID-19/COVID-19-25.jpg
train,COVID-19,./data/covid-chest-xray/COVID-19/COVID-19-43.jpg
train,COVID-19,./data/covid-chest-xray/COVID-19/COVID-19-65.jpeg
train,COVID-19,./data/covid-chest-xray/COVID-19/COVID-19-148.png
train,COVID-19,./data/covid-chest-xray/COVID-19/COVID-19-211.jpeg
train,COVID-19,./data/covid-chest-xray/COVID-19/COVID-19-215.jpeg
train,Normal,./data/covid-chest-xray/Normal/Normal-395.jpeg
train,Normal,./data/covid-chest-xray/Normal/Normal-2.jpeg
train,Normal,./data/covid-chest-xray/Normal/Normal-349.jpeg
train,Normal,./data/covid-chest-xray/Normal/Normal-300.jpeg
train,Normal,./data/covid-chest-xray/Normal/Normal-484.jpeg
train,Normal,./data/covid-chest-xray/Normal/Normal-105.jpeg
train,Normal,./data/covid-chest-xray/Normal/Normal-46.jpeg
train,Normal,./data/covid-chest-xray/Normal/Normal-116.jpeg
train,Normal,./data/covid-chest-xray/Normal/Normal-283.jpeg
train,Normal,./data/covid-chest-xray/Normal/Normal-457.jpeg
train,Normal,./data/covid-chest-xray/Normal/Normal-39.jpeg
train,Normal,./data/covid-chest-xray/Normal/Normal-459.jpeg
train,Normal,./data/covid-chest-xray/Normal/Normal-431.jpeg
train,Normal,./data/covid-chest-xray/Normal/Normal-356.jpeg
train,Normal,./data/covid-chest-xray/Normal/Normal-163.jpeg
train,Normal,./data/covid-chest-xray/Normal/Normal-384.jpeg
train,Normal,./data/covid-chest-xray/Normal/Normal-254.jpeg
train,Normal,./data/covid-chest-xray/Normal/Normal-198.jpeg
train,Normal,./data/covid-chest-xray/Normal/Normal-55.jpeg
train,Normal,./data/covid-chest-xray/Normal/Normal-406.jpeg
train,Normal,./data/covid-chest-xray/Normal/Normal-121.jpeg
train,Normal,./data/covid-chest-xray/Normal/Normal-474.jpeg
train,Normal,./data/covid-chest-xray/Normal/Normal-409.jpeg
train,Normal,./data/covid-chest-xray/Normal/Normal-171.jpeg
train,Normal,./data/covid-chest-xray/Normal/Normal-329.jpeg
train,Normal,./data/covid-chest-xray/Normal/Normal-49.jpeg
train,Normal,./data/covid-chest-xray/Normal/Normal-34.jpeg
train,Normal,./data/covid-chest-xray/Normal/Normal-255.jpeg
train,Normal,./data/covid-chest-xray/Normal/Normal-251.jpeg
train,Normal,./data/covid-chest-xray/Normal/Normal-3.jpeg
train,Normal,./data/covid-chest-xray/Normal/Normal-333.jpeg
train,Normal,./data/covid-chest-xray/Normal/Normal-445.jpeg
train,Normal,./data/covid-chest-xray/Normal/Normal-196.jpeg
train,Normal,./data/covid-chest-xray/Normal/Normal-71.jpeg
train,Normal,./data/covid-chest-xray/Normal/Normal-434.jpeg
train,Normal,./data/covid-chest-xray/Normal/Normal-123.jpeg
train,Normal,./data/covid-chest-xray/Normal/Normal-127.jpeg
train,Normal,./data/covid-chest-xray/Normal/Normal-292.jpeg
train,Normal,./data/covid-chest-xray/Normal/Normal-64.jpeg
train,Normal,./data/covid-chest-xray/Normal/Normal-386.jpeg
train,Normal,./data/covid-chest-xray/Normal/Normal-183.jpeg
train,Normal,./data/covid-chest-xray/Normal/Normal-367.jpeg
train,Normal,./data/covid-chest-xray/Normal/Normal-307.jpeg
train,Normal,./data/covid-chest-xray/Normal/Normal-444.jpeg
train,Normal,./data/covid-chest-xray/Normal/Normal-296.jpeg
train,Normal,./data/covid-chest-xray/Normal/Normal-184.jpeg
train,Normal,./data/covid-chest-xray/Normal/Normal-293.jpeg
train,Normal,./data/covid-chest-xray/Normal/Normal-155.jpeg
train,Normal,./data/covid-chest-xray/Normal/Normal-90.jpeg
train,Normal,./data/covid-chest-xray/Normal/Normal-469.jpeg
train,Normal,./data/covid-chest-xray/Normal/Normal-87.jpeg
train,Normal,./data/covid-chest-xray/Normal/Normal-132.jpeg
train,Normal,./data/covid-chest-xray/Normal/Normal-124.jpeg
train,Normal,./data/covid-chest-xray/Normal/Normal-69.jpeg
train,Normal,./data/covid-chest-xray/Normal/Normal-361.jpeg
train,Normal,./data/covid-chest-xray/Normal/Normal-165.jpeg
train,Normal,./data/covid-chest-xray/Normal/Normal-22.jpeg
train,Normal,./data/covid-chest-xray/Normal/Normal-325.jpeg
train,Normal,./data/covid-chest-xray/Normal/Normal-475.jpeg
train,Normal,./data/covid-chest-xray/Normal/Normal-185.jpeg
train,Normal,./data/covid-chest-xray/Normal/Normal-407.jpeg
train,Normal,./data/covid-chest-xray/Normal/Normal-208.jpeg
train,Normal,./data/covid-chest-xray/Normal/Normal-137.jpeg
train,Normal,./data/covid-chest-xray/Normal/Normal-276.jpeg
train,Normal,./data/covid-chest-xray/Normal/Normal-102.jpeg
train,Normal,./data/covid-chest-xray/Normal/Normal-215.jpeg
train,Normal,./data/covid-chest-xray/Normal/Normal-413.jpeg
train,Normal,./data/covid-chest-xray/Normal/Normal-299.jpeg
train,Normal,./data/covid-chest-xray/Normal/Normal-86.jpeg
train,Normal,./data/covid-chest-xray/Normal/Normal-58.jpeg
train,Normal,./data/covid-chest-xray/Normal/Normal-419.jpeg
train,Normal,./data/covid-chest-xray/Normal/Normal-353.jpeg
train,Normal,./data/covid-chest-xray/Normal/Normal-130.jpeg
train,Normal,./data/covid-chest-xray/Normal/Normal-207.jpeg
train,Normal,./data/covid-chest-xray/Normal/Normal-297.jpeg
train,Normal,./data/covid-chest-xray/Normal/Normal-189.jpeg
train,Normal,./data/covid-chest-xray/Normal/Normal-360.jpeg
train,Normal,./data/covid-chest-xray/Normal/Normal-28.jpeg
train,Normal,./data/covid-chest-xray/Normal/Normal-387.jpeg
train,Normal,./data/covid-chest-xray/Normal/Normal-143.jpeg
train,Normal,./data/covid-chest-xray/Normal/Normal-258.jpeg
train,Normal,./data/covid-chest-xray/Normal/Normal-50.jpeg
train,Normal,./data/covid-chest-xray/Normal/Normal-206.jpeg
train,Normal,./data/covid-chest-xray/Normal/Normal-60.jpeg
train,Normal,./data/covid-chest-xray/Normal/Normal-210.jpeg
train,Normal,./data/covid-chest-xray/Normal/Normal-263.jpeg
train,Normal,./data/covid-chest-xray/Normal/Normal-436.jpeg
train,Normal,./data/covid-chest-xray/Normal/Normal-324.jpeg
train,Normal,./data/covid-chest-xray/Normal/Normal-29.jpeg
train,Normal,./data/covid-chest-xray/Normal/Normal-10.jpeg
train,Normal,./data/covid-chest-xray/Normal/Normal-237.jpeg
train,Normal,./data/covid-chest-xray/Normal/Normal-139.jpeg
train,Normal,./data/covid-chest-xray/Normal/Normal-21.jpeg
train,Normal,./data/covid-chest-xray/Normal/Normal-371.jpeg
train,Normal,./data/covid-chest-xray/Normal/Normal-142.jpeg
train,Normal,./data/covid-chest-xray/Normal/Normal-261.jpeg
train,Normal,./data/covid-chest-xray/Normal/Normal-439.jpeg
train,Normal,./data/covid-chest-xray/Normal/Normal-443.jpeg
train,Normal,./data/covid-chest-xray/Normal/Normal-110.jpeg
train,Normal,./data/covid-chest-xray/Normal/Normal-354.jpeg
train,Normal,./data/covid-chest-xray/Normal/Normal-399.jpeg
train,Normal,./data/covid-chest-xray/Normal/Normal-268.jpeg
train,Normal,./data/covid-chest-xray/Normal/Normal-129.jpeg
train,Normal,./data/covid-chest-xray/Normal/Normal-220.jpeg
train,Normal,./data/covid-chest-xray/Normal/Normal-147.jpeg
train,Normal,./data/covid-chest-xray/Normal/Normal-348.jpeg
train,Normal,./data/covid-chest-xray/Normal/Normal-25.jpeg
train,Normal,./data/covid-chest-xray/Normal/Normal-113.jpeg
train,Normal,./data/covid-chest-xray/Normal/Normal-180.jpeg
train,Normal,./data/covid-chest-xray/Normal/Normal-433.jpeg
train,Normal,./data/covid-chest-xray/Normal/Normal-162.jpeg
train,Normal,./data/covid-chest-xray/Normal/Normal-374.jpeg
train,Normal,./data/covid-chest-xray/Normal/Normal-304.jpeg
train,Normal,./data/covid-chest-xray/Normal/Normal-303.jpeg
train,Normal,./data/covid-chest-xray/Normal/Normal-385.jpeg
train,Normal,./data/covid-chest-xray/Normal/Normal-294.jpeg
train,Normal,./data/covid-chest-xray/Normal/Normal-265.jpeg
train,Normal,./data/covid-chest-xray/Normal/Normal-107.jpeg
train,Normal,./data/covid-chest-xray/Normal/Normal-17.jpeg
train,Normal,./data/covid-chest-xray/Normal/Normal-341.jpeg
train,Normal,./data/covid-chest-xray/Normal/Normal-460.jpeg
train,Normal,./data/covid-chest-xray/Normal/Normal-438.jpeg
train,Normal,./data/covid-chest-xray/Normal/Normal-214.jpeg
train,Normal,./data/covid-chest-xray/Normal/Normal-170.jpeg
train,Normal,./data/covid-chest-xray/Normal/Normal-135.jpeg
train,Normal,./data/covid-chest-xray/Normal/Normal-378.jpeg
train,Normal,./data/covid-chest-xray/Normal/Normal-91.jpeg
train,Normal,./data/covid-chest-xray/Normal/Normal-172.jpeg
train,Normal,./data/covid-chest-xray/Normal/Normal-74.jpeg
train,Normal,./data/covid-chest-xray/Normal/Normal-381.jpeg
train,Normal,./data/covid-chest-xray/Normal/Normal-151.jpeg
train,Normal,./data/covid-chest-xray/Normal/Normal-33.jpeg
train,Normal,./data/covid-chest-xray/Normal/Normal-326.jpeg
train,Normal,./data/covid-chest-xray/Normal/Normal-13.jpeg
train,Normal,./data/covid-chest-xray/Normal/Normal-318.jpeg
train,Normal,./data/covid-chest-xray/Normal/Normal-370.jpeg
train,Normal,./data/covid-chest-xray/Normal/Normal-352.jpeg
train,Normal,./data/covid-chest-xray/Normal/Normal-192.jpeg
train,Normal,./data/covid-chest-xray/Normal/Normal-305.jpeg
train,Normal,./data/covid-chest-xray/Normal/Normal-36.jpeg
train,Normal,./data/covid-chest-xray/Normal/Normal-408.jpeg
train,Normal,./data/covid-chest-xray/Normal/Normal-181.jpeg
train,Normal,./data/covid-chest-xray/Normal/Normal-369.jpeg
train,Normal,./data/covid-chest-xray/Normal/Normal-73.jpeg
train,Normal,./data/covid-chest-xray/Normal/Normal-242.jpeg
train,Normal,./data/covid-chest-xray/Normal/Normal-52.jpeg
train,Normal,./data/covid-chest-xray/Normal/Normal-288.jpeg
train,Normal,./data/covid-chest-xray/Normal/Normal-238.jpeg
train,Normal,./data/covid-chest-xray/Normal/Normal-401.jpeg
train,Normal,./data/covid-chest-xray/Normal/Normal-228.jpeg
train,Normal,./data/covid-chest-xray/Normal/Normal-281.jpeg
train,Normal,./data/covid-chest-xray/Normal/Normal-380.jpeg
train,Normal,./data/covid-chest-xray/Normal/Normal-316.jpeg
train,Normal,./data/covid-chest-xray/Normal/Normal-464.jpeg
train,Normal,./data/covid-chest-xray/Normal/Normal-448.jpeg
train,Normal,./data/covid-chest-xray/Normal/Normal-447.jpeg
train,Normal,./data/covid-chest-xray/Normal/Normal-471.jpeg
train,Normal,./data/covid-chest-xray/Normal/Normal-389.jpeg
train,Normal,./data/covid-chest-xray/Normal/Normal-57.jpeg
train,Normal,./data/covid-chest-xray/Normal/Normal-282.jpeg
train,Normal,./data/covid-chest-xray/Normal/Normal-477.jpeg
train,Normal,./data/covid-chest-xray/Normal/Normal-456.jpeg
train,Normal,./data/covid-chest-xray/Normal/Normal-453.jpeg
train,Normal,./data/covid-chest-xray/Normal/Normal-109.jpeg
train,Normal,./data/covid-chest-xray/Normal/Normal-412.jpeg
train,Normal,./data/covid-chest-xray/Normal/Normal-230.jpeg
train,Normal,./data/covid-chest-xray/Normal/Normal-158.jpeg
train,Normal,./data/covid-chest-xray/Normal/Normal-217.jpeg
train,Normal,./data/covid-chest-xray/Normal/Normal-391.jpeg
train,Normal,./data/covid-chest-xray/Normal/Normal-246.jpeg
train,Normal,./data/covid-chest-xray/Normal/Normal-9.jpeg
train,Normal,./data/covid-chest-xray/Normal/Normal-322.jpeg
train,Normal,./data/covid-chest-xray/Normal/Normal-164.jpeg
train,Normal,./data/covid-chest-xray/Normal/Normal-379.jpeg
train,Normal,./data/covid-chest-xray/Normal/Normal-106.jpeg
train,Normal,./data/covid-chest-xray/Normal/Normal-473.jpeg
train,Normal,./data/covid-chest-xray/Normal/Normal-429.jpeg
train,Normal,./data/covid-chest-xray/Normal/Normal-236.jpeg
train,Normal,./data/covid-chest-xray/Normal/Normal-63.jpeg
train,Normal,./data/covid-chest-xray/Normal/Normal-277.jpeg
train,Normal,./data/covid-chest-xray/Normal/Normal-240.jpeg
train,Normal,./data/covid-chest-xray/Normal/Normal-216.jpeg
train,Normal,./data/covid-chest-xray/Normal/Normal-287.jpeg
train,Normal,./data/covid-chest-xray/Normal/Normal-355.jpeg
train,Normal,./data/covid-chest-xray/Normal/Normal-38.jpeg
train,Normal,./data/covid-chest-xray/Normal/Normal-7.jpeg
train,Normal,./data/covid-chest-xray/Normal/Normal-68.jpeg
train,Normal,./data/covid-chest-xray/Normal/Normal-209.jpeg
train,Normal,./data/covid-chest-xray/Normal/Normal-350.jpeg
train,Normal,./data/covid-chest-xray/Normal/Normal-357.jpeg
train,Normal,./data/covid-chest-xray/Normal/Normal-468.jpeg
train,Normal,./data/covid-chest-xray/Normal/Normal-20.jpeg
train,Normal,./data/covid-chest-xray/Normal/Normal-388.jpeg
train,Normal,./data/covid-chest-xray/Normal/Normal-321.jpeg
train,Normal,./data/covid-chest-xray/Normal/Normal-420.jpeg
train,Normal,./data/covid-chest-xray/Normal/Normal-359.jpeg
train,Normal,./data/covid-chest-xray/Normal/Normal-201.jpeg
train,Normal,./data/covid-chest-xray/Normal/Normal-126.jpeg
train,Normal,./data/covid-chest-xray/Normal/Normal-422.jpeg
train,Normal,./data/covid-chest-xray/Normal/Normal-432.jpeg
train,Normal,./data/covid-chest-xray/Normal/Normal-298.jpeg
train,Normal,./data/covid-chest-xray/Normal/Normal-249.jpeg
train,Normal,./data/covid-chest-xray/Normal/Normal-62.jpeg
train,Normal,./data/covid-chest-xray/Normal/Normal-93.jpeg
train,Normal,./data/covid-chest-xray/Normal/Normal-267.jpeg
train,Normal,./data/covid-chest-xray/Normal/Normal-362.jpeg
train,Normal,./data/covid-chest-xray/Normal/Normal-100.jpeg
train,Normal,./data/covid-chest-xray/Normal/Normal-273.jpeg
train,Normal,./data/covid-chest-xray/Normal/Normal-224.jpeg
train,Normal,./data/covid-chest-xray/Normal/Normal-229.jpeg
train,Normal,./data/covid-chest-xray/Normal/Normal-54.jpeg
train,Normal,./data/covid-chest-xray/Normal/Normal-81.jpeg
train,Normal,./data/covid-chest-xray/Normal/Normal-61.jpeg
train,Normal,./data/covid-chest-xray/Normal/Normal-410.jpeg
train,Normal,./data/covid-chest-xray/Normal/Normal-289.jpeg
train,Normal,./data/covid-chest-xray/Normal/Normal-65.jpeg
train,Normal,./data/covid-chest-xray/Normal/Normal-483.jpeg
train,Normal,./data/covid-chest-xray/Normal/Normal-79.jpeg
train,Normal,./data/covid-chest-xray/Normal/Normal-95.jpeg
train,Normal,./data/covid-chest-xray/Normal/Normal-125.jpeg
train,Normal,./data/covid-chest-xray/Normal/Normal-382.jpeg
train,Normal,./data/covid-chest-xray/Normal/Normal-219.jpeg
train,Normal,./data/covid-chest-xray/Normal/Normal-76.jpeg
train,Normal,./data/covid-chest-xray/Normal/Normal-403.jpeg
train,Normal,./data/covid-chest-xray/Normal/Normal-96.jpeg
train,Normal,./data/covid-chest-xray/Normal/Normal-319.jpeg
train,Normal,./data/covid-chest-xray/Normal/Normal-169.jpeg
train,Normal,./data/covid-chest-xray/Normal/Normal-286.jpeg
train,Normal,./data/covid-chest-xray/Normal/Normal-187.jpeg
train,Normal,./data/covid-chest-xray/Normal/Normal-366.jpeg
train,Normal,./data/covid-chest-xray/Normal/Normal-308.jpeg
train,Normal,./data/covid-chest-xray/Normal/Normal-301.jpeg
train,Normal,./data/covid-chest-xray/Normal/Normal-285.jpeg
train,Normal,./data/covid-chest-xray/Normal/Normal-428.jpeg
train,Normal,./data/covid-chest-xray/Normal/Normal-24.jpeg
train,Normal,./data/covid-chest-xray/Normal/Normal-67.jpeg
train,Normal,./data/covid-chest-xray/Normal/Normal-66.jpeg
train,Normal,./data/covid-chest-xray/Normal/Normal-35.jpeg
train,Normal,./data/covid-chest-xray/Normal/Normal-98.jpeg
train,Normal,./data/covid-chest-xray/Normal/Normal-311.jpeg
train,Normal,./data/covid-chest-xray/Normal/Normal-376.jpeg
train,Normal,./data/covid-chest-xray/Normal/Normal-302.jpeg
train,Normal,./data/covid-chest-xray/Normal/Normal-104.jpeg
train,Normal,./data/covid-chest-xray/Normal/Normal-152.jpeg
train,Normal,./data/covid-chest-xray/Normal/Normal-80.jpeg
train,Normal,./data/covid-chest-xray/Normal/Normal-200.jpeg
train,Normal,./data/covid-chest-xray/Normal/Normal-415.jpeg
train,Normal,./data/covid-chest-xray/Normal/Normal-323.jpeg
train,Normal,./data/covid-chest-xray/Normal/Normal-342.jpeg
train,Normal,./data/covid-chest-xray/Normal/Normal-51.jpeg
train,Normal,./data/covid-chest-xray/Normal/Normal-279.jpeg
train,Normal,./data/covid-chest-xray/Normal/Normal-111.jpeg
train,Normal,./data/covid-chest-xray/Normal/Normal-84.jpeg
train,Normal,./data/covid-chest-xray/Normal/Normal-377.jpeg
train,Normal,./data/covid-chest-xray/Normal/Normal-149.jpeg
train,Normal,./data/covid-chest-xray/Normal/Normal-16.jpeg
train,Normal,./data/covid-chest-xray/Normal/Normal-291.jpeg
train,Normal,./data/covid-chest-xray/Normal/Normal-478.jpeg
train,Normal,./data/covid-chest-xray/Normal/Normal-440.jpeg
train,Normal,./data/covid-chest-xray/Normal/Normal-430.jpeg
train,Normal,./data/covid-chest-xray/Normal/Normal-40.jpeg
train,Normal,./data/covid-chest-xray/Normal/Normal-252.jpeg
train,Normal,./data/covid-chest-xray/Normal/Normal-204.jpeg
train,Normal,./data/covid-chest-xray/Normal/Normal-122.jpeg
train,Normal,./data/covid-chest-xray/Normal/Normal-411.jpeg
train,Normal,./data/covid-chest-xray/Normal/Normal-41.jpeg
train,Normal,./data/covid-chest-xray/Normal/Normal-328.jpeg
train,Normal,./data/covid-chest-xray/Normal/Normal-32.jpeg
train,Normal,./data/covid-chest-xray/Normal/Normal-363.jpeg
train,Normal,./data/covid-chest-xray/Normal/Normal-462.jpeg
train,Normal,./data/covid-chest-xray/Normal/Normal-23.jpeg
train,Normal,./data/covid-chest-xray/Normal/Normal-150.jpeg
train,Normal,./data/covid-chest-xray/Normal/Normal-175.jpeg
train,Normal,./data/covid-chest-xray/Normal/Normal-392.jpeg
train,Normal,./data/covid-chest-xray/Normal/Normal-368.jpeg
train,Normal,./data/covid-chest-xray/Normal/Normal-235.jpeg
train,Normal,./data/covid-chest-xray/Normal/Normal-245.jpeg
train,Normal,./data/covid-chest-xray/Normal/Normal-138.jpeg
train,Normal,./data/covid-chest-xray/Normal/Normal-344.jpeg
train,Normal,./data/covid-chest-xray/Normal/Normal-6.jpeg
train,Normal,./data/covid-chest-xray/Normal/Normal-414.jpeg
train,Normal,./data/covid-chest-xray/Normal/Normal-239.jpeg
train,Normal,./data/covid-chest-xray/Normal/Normal-472.jpeg
train,Normal,./data/covid-chest-xray/Normal/Normal-375.jpeg
train,Normal,./data/covid-chest-xray/Normal/Normal-56.jpeg
train,Normal,./data/covid-chest-xray/Normal/Normal-173.jpeg
train,Normal,./data/covid-chest-xray/Normal/Normal-417.jpeg
train,Normal,./data/covid-chest-xray/Normal/Normal-199.jpeg
train,Normal,./data/covid-chest-xray/Normal/Normal-30.jpeg
train,Normal,./data/covid-chest-xray/Normal/Normal-269.jpeg
train,Normal,./data/covid-chest-xray/Normal/Normal-212.jpeg
train,Normal,./data/covid-chest-xray/Normal/Normal-203.jpeg
train,Normal,./data/covid-chest-xray/Normal/Normal-397.jpeg
train,Normal,./data/covid-chest-xray/Normal/Normal-213.jpeg
train,Normal,./data/covid-chest-xray/Normal/Normal-27.jpeg
train,Normal,./data/covid-chest-xray/Normal/Normal-112.jpeg
train,Normal,./data/covid-chest-xray/Normal/Normal-191.jpeg
train,Normal,./data/covid-chest-xray/Normal/Normal-449.jpeg
train,Normal,./data/covid-chest-xray/Normal/Normal-424.jpeg
train,Normal,./data/covid-chest-xray/Normal/Normal-43.jpeg
train,Normal,./data/covid-chest-xray/Normal/Normal-244.jpeg
train,Normal,./data/covid-chest-xray/Normal/Normal-467.jpeg
train,Normal,./data/covid-chest-xray/Normal/Normal-264.jpeg
train,Normal,./data/covid-chest-xray/Normal/Normal-42.jpeg
train,Normal,./data/covid-chest-xray/Normal/Normal-454.jpeg
train,Normal,./data/covid-chest-xray/Normal/Normal-85.jpeg
train,Normal,./data/covid-chest-xray/Normal/Normal-351.jpeg
train,Normal,./data/covid-chest-xray/Normal/Normal-97.jpeg
train,Normal,./data/covid-chest-xray/Normal/Normal-115.jpeg
train,Normal,./data/covid-chest-xray/Normal/Normal-465.jpeg
train,Normal,./data/covid-chest-xray/Normal/Normal-18.jpeg
train,Normal,./data/covid-chest-xray/Normal/Normal-390.jpeg
train,Normal,./data/covid-chest-xray/Normal/Normal-114.jpeg
train,Normal,./data/covid-chest-xray/Normal/Normal-225.jpeg
train,Normal,./data/covid-chest-xray/Normal/Normal-144.jpeg
train,Normal,./data/covid-chest-xray/Normal/Normal-421.jpeg
train,Normal,./data/covid-chest-xray/Normal/Normal-103.jpeg
train,Normal,./data/covid-chest-xray/Normal/Normal-53.jpeg
train,Normal,./data/covid-chest-xray/Normal/Normal-141.jpeg
train,Normal,./data/covid-chest-xray/Normal/Normal-423.jpeg
train,Normal,./data/covid-chest-xray/Normal/Normal-441.jpeg
train,Normal,./data/covid-chest-xray/Normal/Normal-335.jpeg
train,Normal,./data/covid-chest-xray/Normal/Normal-117.jpeg
train,Normal,./data/covid-chest-xray/Normal/Normal-136.jpeg
train,Normal,./data/covid-chest-xray/Normal/Normal-437.jpeg
train,Normal,./data/covid-chest-xray/Normal/Normal-226.jpeg
train,Normal,./data/covid-chest-xray/Normal/Normal-306.jpeg
train,Normal,./data/covid-chest-xray/Normal/Normal-418.jpeg
train,Normal,./data/covid-chest-xray/Normal/Normal-156.jpeg
train,Normal,./data/covid-chest-xray/Normal/Normal-470.jpeg
train,Normal,./data/covid-chest-xray/Normal/Normal-12.jpeg
train,Normal,./data/covid-chest-xray/Normal/Normal-159.jpeg
train,Normal,./data/covid-chest-xray/Normal/Normal-161.jpeg
train,Normal,./data/covid-chest-xray/Normal/Normal-402.jpeg
train,Normal,./data/covid-chest-xray/Normal/Normal-272.jpeg
train,Normal,./data/covid-chest-xray/Normal/Normal-394.jpeg
train,Normal,./data/covid-chest-xray/Normal/Normal-435.jpeg
train,Normal,./data/covid-chest-xray/Normal/Normal-250.jpeg
train,Normal,./data/covid-chest-xray/Normal/Normal-248.jpeg
train,Normal,./data/covid-chest-xray/Normal/Normal-92.jpeg
val,Bacterial,./data/covid-chest-xray/Bacterial/Bacterial-26.jpeg
val,Bacterial,./data/covid-chest-xray/Bacterial/Bacterial-33.png
val,Bacterial,./data/covid-chest-xray/Bacterial/Bacterial-9.jpg
val,Bacterial,./data/covid-chest-xray/Bacterial/Bacterial-12.jpg
val,Bacterial,./data/covid-chest-xray/Bacterial/Bacterial-21.jpeg
val,Bacterial,./data/covid-chest-xray/Bacterial/Bacterial-8.jpg
val,Bacterial,./data/covid-chest-xray/Bacterial/Bacterial-5.jpg
val,COVID-19,./data/covid-chest-xray/COVID-19/COVID-19-333.jpg
val,COVID-19,./data/covid-chest-xray/COVID-19/COVID-19-118.jpeg
val,COVID-19,./data/covid-chest-xray/COVID-19/COVID-19-179.png
val,COVID-19,./data/covid-chest-xray/COVID-19/COVID-19-26.jpg
val,COVID-19,./data/covid-chest-xray/COVID-19/COVID-19-6.jpeg
val,COVID-19,./data/covid-chest-xray/COVID-19/COVID-19-149.jpg
val,COVID-19,./data/covid-chest-xray/COVID-19/COVID-19-336.jpg
val,COVID-19,./data/covid-chest-xray/COVID-19/COVID-19-219.png
val,COVID-19,./data/covid-chest-xray/COVID-19/COVID-19-30.png
val,COVID-19,./data/covid-chest-xray/COVID-19/COVID-19-318.jpg
val,COVID-19,./data/covid-chest-xray/COVID-19/COVID-19-142.png
val,COVID-19,./data/covid-chest-xray/COVID-19/COVID-19-47.jpeg
val,COVID-19,./data/covid-chest-xray/COVID-19/COVID-19-54.jpeg
val,COVID-19,./data/covid-chest-xray/COVID-19/COVID-19-213.jpeg
val,COVID-19,./data/covid-chest-xray/COVID-19/COVID-19-180.jpg
val,COVID-19,./data/covid-chest-xray/COVID-19/COVID-19-259.png
val,COVID-19,./data/covid-chest-xray/COVID-19/COVID-19-84.jpg
val,COVID-19,./data/covid-chest-xray/COVID-19/COVID-19-21.jpeg
val,COVID-19,./data/covid-chest-xray/COVID-19/COVID-19-98.png
val,COVID-19,./data/covid-chest-xray/COVID-19/COVID-19-309.jpg
val,COVID-19,./data/covid-chest-xray/COVID-19/COVID-19-105.jpeg
val,COVID-19,./data/covid-chest-xray/COVID-19/COVID-19-326.png
val,COVID-19,./data/covid-chest-xray/COVID-19/COVID-19-69.jpg
val,COVID-19,./data/covid-chest-xray/COVID-19/COVID-19-34.jpg
val,COVID-19,./data/covid-chest-xray/COVID-19/COVID-19-175.jpg
val,COVID-19,./data/covid-chest-xray/COVID-19/COVID-19-70.jpeg
val,COVID-19,./data/covid-chest-xray/COVID-19/COVID-19-234.jpeg
val,COVID-19,./data/covid-chest-xray/COVID-19/COVID-19-214.jpeg
val,COVID-19,./data/covid-chest-xray/COVID-19/COVID-19-185.jpg
val,COVID-19,./data/covid-chest-xray/COVID-19/COVID-19-262.jpeg
val,COVID-19,./data/covid-chest-xray/COVID-19/COVID-19-85.jpg
val,COVID-19,./data/covid-chest-xray/COVID-19/COVID-19-53.jpg
val,COVID-19,./data/covid-chest-xray/COVID-19/COVID-19-321.jpg
val,COVID-19,./data/covid-chest-xray/COVID-19/COVID-19-226.jpg
val,COVID-19,./data/covid-chest-xray/COVID-19/COVID-19-322.jpg
val,COVID-19,./data/covid-chest-xray/COVID-19/COVID-19-168.png
val,COVID-19,./data/covid-chest-xray/COVID-19/COVID-19-146.png
val,COVID-19,./data/covid-chest-xray/COVID-19/COVID-19-244.jpg
val,COVID-19,./data/covid-chest-xray/COVID-19/COVID-19-131.png
val,COVID-19,./data/covid-chest-xray/COVID-19/COVID-19-299.png
val,COVID-19,./data/covid-chest-xray/COVID-19/COVID-19-82.jpeg
val,COVID-19,./data/covid-chest-xray/COVID-19/COVID-19-223.jpeg
val,COVID-19,./data/covid-chest-xray/COVID-19/COVID-19-164.jpg
val,COVID-19,./data/covid-chest-xray/COVID-19/COVID-19-257.png
val,COVID-19,./data/covid-chest-xray/COVID-19/COVID-19-188.jpg
val,COVID-19,./data/covid-chest-xray/COVID-19/COVID-19-245.jpg
val,COVID-19,./data/covid-chest-xray/COVID-19/COVID-19-12.jpg
val,COVID-19,./data/covid-chest-xray/COVID-19/COVID-19-79.jpg
val,COVID-19,./data/covid-chest-xray/COVID-19/COVID-19-71.jpeg
val,COVID-19,./data/covid-chest-xray/COVID-19/COVID-19-202.jpeg
val,COVID-19,./data/covid-chest-xray/COVID-19/COVID-19-141.png
val,Normal,./data/covid-chest-xray/Normal/Normal-314.jpeg
val,Normal,./data/covid-chest-xray/Normal/Normal-372.jpeg
val,Normal,./data/covid-chest-xray/Normal/Normal-271.jpeg
val,Normal,./data/covid-chest-xray/Normal/Normal-221.jpeg
val,Normal,./data/covid-chest-xray/Normal/Normal-14.jpeg
val,Normal,./data/covid-chest-xray/Normal/Normal-186.jpeg
val,Normal,./data/covid-chest-xray/Normal/Normal-312.jpeg
val,Normal,./data/covid-chest-xray/Normal/Normal-45.jpeg
val,Normal,./data/covid-chest-xray/Normal/Normal-330.jpeg
val,Normal,./data/covid-chest-xray/Normal/Normal-178.jpeg
val,Normal,./data/covid-chest-xray/Normal/Normal-118.jpeg
val,Normal,./data/covid-chest-xray/Normal/Normal-211.jpeg
val,Normal,./data/covid-chest-xray/Normal/Normal-167.jpeg
val,Normal,./data/covid-chest-xray/Normal/Normal-72.jpeg
val,Normal,./data/covid-chest-xray/Normal/Normal-365.jpeg
val,Normal,./data/covid-chest-xray/Normal/Normal-317.jpeg
val,Normal,./data/covid-chest-xray/Normal/Normal-26.jpeg
val,Normal,./data/covid-chest-xray/Normal/Normal-358.jpeg
val,Normal,./data/covid-chest-xray/Normal/Normal-463.jpeg
val,Normal,./data/covid-chest-xray/Normal/Normal-364.jpeg
val,Normal,./data/covid-chest-xray/Normal/Normal-15.jpeg
val,Normal,./data/covid-chest-xray/Normal/Normal-174.jpeg
val,Normal,./data/covid-chest-xray/Normal/Normal-195.jpeg
val,Normal,./data/covid-chest-xray/Normal/Normal-177.jpeg
val,Normal,./data/covid-chest-xray/Normal/Normal-233.jpeg
val,Normal,./data/covid-chest-xray/Normal/Normal-480.jpeg
val,Normal,./data/covid-chest-xray/Normal/Normal-59.jpeg
val,Normal,./data/covid-chest-xray/Normal/Normal-485.jpeg
val,Normal,./data/covid-chest-xray/Normal/Normal-153.jpeg
val,Normal,./data/covid-chest-xray/Normal/Normal-332.jpeg
val,Normal,./data/covid-chest-xray/Normal/Normal-134.jpeg
val,Normal,./data/covid-chest-xray/Normal/Normal-313.jpeg
val,Normal,./data/covid-chest-xray/Normal/Normal-481.jpeg
val,Normal,./data/covid-chest-xray/Normal/Normal-404.jpeg
val,Normal,./data/covid-chest-xray/Normal/Normal-89.jpeg
val,Normal,./data/covid-chest-xray/Normal/Normal-37.jpeg
val,Normal,./data/covid-chest-xray/Normal/Normal-231.jpeg
val,Normal,./data/covid-chest-xray/Normal/Normal-416.jpeg
val,Normal,./data/covid-chest-xray/Normal/Normal-309.jpeg
val,Normal,./data/covid-chest-xray/Normal/Normal-315.jpeg
val,Normal,./data/covid-chest-xray/Normal/Normal-247.jpeg
val,Normal,./data/covid-chest-xray/Normal/Normal-145.jpeg
val,Normal,./data/covid-chest-xray/Normal/Normal-427.jpeg
val,Normal,./data/covid-chest-xray/Normal/Normal-346.jpeg
val,Normal,./data/covid-chest-xray/Normal/Normal-157.jpeg
val,Normal,./data/covid-chest-xray/Normal/Normal-337.jpeg
val,Normal,./data/covid-chest-xray/Normal/Normal-160.jpeg
val,Normal,./data/covid-chest-xray/Normal/Normal-275.jpeg
val,Normal,./data/covid-chest-xray/Normal/Normal-343.jpeg
val,Normal,./data/covid-chest-xray/Normal/Normal-128.jpeg
val,Normal,./data/covid-chest-xray/Normal/Normal-131.jpeg
val,Normal,./data/covid-chest-xray/Normal/Normal-166.jpeg
val,Normal,./data/covid-chest-xray/Normal/Normal-1.jpeg
val,Normal,./data/covid-chest-xray/Normal/Normal-398.jpeg
val,Normal,./data/covid-chest-xray/Normal/Normal-479.jpeg
val,Normal,./data/covid-chest-xray/Normal/Normal-222.jpeg
val,Normal,./data/covid-chest-xray/Normal/Normal-218.jpeg
val,Normal,./data/covid-chest-xray/Normal/Normal-78.jpeg
val,Normal,./data/covid-chest-xray/Normal/Normal-31.jpeg
val,Normal,./data/covid-chest-xray/Normal/Normal-176.jpeg
val,Normal,./data/covid-chest-xray/Normal/Normal-393.jpeg
val,Normal,./data/covid-chest-xray/Normal/Normal-396.jpeg
val,Normal,./data/covid-chest-xray/Normal/Normal-347.jpeg
val,Normal,./data/covid-chest-xray/Normal/Normal-83.jpeg
val,Normal,./data/covid-chest-xray/Normal/Normal-8.jpeg
val,Normal,./data/covid-chest-xray/Normal/Normal-108.jpeg
val,Normal,./data/covid-chest-xray/Normal/Normal-482.jpeg
val,Normal,./data/covid-chest-xray/Normal/Normal-455.jpeg
val,Normal,./data/covid-chest-xray/Normal/Normal-295.jpeg
val,Normal,./data/covid-chest-xray/Normal/Normal-426.jpeg
val,Normal,./data/covid-chest-xray/Normal/Normal-466.jpeg
val,Normal,./data/covid-chest-xray/Normal/Normal-234.jpeg
test,Bacterial,./data/covid-chest-xray/Bacterial/Bacterial-32.jpg
test,Bacterial,./data/covid-chest-xray/Bacterial/Bacterial-37.jpg
test,Bacterial,./data/covid-chest-xray/Bacterial/Bacterial-46.jpg
test,Bacterial,./data/covid-chest-xray/Bacterial/Bacterial-44.jpg
test,Bacterial,./data/covid-chest-xray/Bacterial/Bacterial-41.jpg
test,Bacterial,./data/covid-chest-xray/Bacterial/Bacterial-24.jpg
test,Bacterial,./data/covid-chest-xray/Bacterial/Bacterial-36.jpg
test,Bacterial,./data/covid-chest-xray/Bacterial/Bacterial-28.jpeg
test,COVID-19,./data/covid-chest-xray/COVID-19/COVID-19-293.png
test,COVID-19,./data/covid-chest-xray/COVID-19/COVID-19-127.png
test,COVID-19,./data/covid-chest-xray/COVID-19/COVID-19-278.png
test,COVID-19,./data/covid-chest-xray/COVID-19/COVID-19-58.jpg
test,COVID-19,./data/covid-chest-xray/COVID-19/COVID-19-152.jpg
test,COVID-19,./data/covid-chest-xray/COVID-19/COVID-19-207.jpg
test,COVID-19,./data/covid-chest-xray/COVID-19/COVID-19-110.jpeg
test,COVID-19,./data/covid-chest-xray/COVID-19/COVID-19-33.jpeg
test,COVID-19,./data/covid-chest-xray/COVID-19/COVID-19-155.jpg
test,COVID-19,./data/covid-chest-xray/COVID-19/COVID-19-111.jpg
test,COVID-19,./data/covid-chest-xray/COVID-19/COVID-19-144.jpg
test,COVID-19,./data/covid-chest-xray/COVID-19/COVID-19-102.jpeg
test,COVID-19,./data/covid-chest-xray/COVID-19/COVID-19-306.jpg
test,COVID-19,./data/covid-chest-xray/COVID-19/COVID-19-122.png
test,COVID-19,./data/covid-chest-xray/COVID-19/COVID-19-13.jpg
test,COVID-19,./data/covid-chest-xray/COVID-19/COVID-19-273.png
test,COVID-19,./data/covid-chest-xray/COVID-19/COVID-19-265.jpeg
test,COVID-19,./data/covid-chest-xray/COVID-19/COVID-19-276.png
test,COVID-19,./data/covid-chest-xray/COVID-19/COVID-19-177.jpg
test,COVID-19,./data/covid-chest-xray/COVID-19/COVID-19-294.png
test,COVID-19,./data/covid-chest-xray/COVID-19/COVID-19-288.jpg
test,COVID-19,./data/covid-chest-xray/COVID-19/COVID-19-130.png
test,COVID-19,./data/covid-chest-xray/COVID-19/COVID-19-230.jpg
test,COVID-19,./data/covid-chest-xray/COVID-19/COVID-19-206.jpg
test,COVID-19,./data/covid-chest-xray/COVID-19/COVID-19-271.jpg
test,COVID-19,./data/covid-chest-xray/COVID-19/COVID-19-15.jpeg
test,COVID-19,./data/covid-chest-xray/COVID-19/COVID-19-39.jpeg
test,COVID-19,./data/covid-chest-xray/COVID-19/COVID-19-332.jpg
test,COVID-19,./data/covid-chest-xray/COVID-19/COVID-19-78.jpeg
test,COVID-19,./data/covid-chest-xray/COVID-19/COVID-19-208.jpeg
test,COVID-19,./data/covid-chest-xray/COVID-19/COVID-19-173.jpg
test,COVID-19,./data/covid-chest-xray/COVID-19/COVID-19-166.jpeg
test,COVID-19,./data/covid-chest-xray/COVID-19/COVID-19-323.jpg
test,COVID-19,./data/covid-chest-xray/COVID-19/COVID-19-176.jpg
test,COVID-19,./data/covid-chest-xray/COVID-19/COVID-19-29.png
test,COVID-19,./data/covid-chest-xray/COVID-19/COVID-19-199.jpg
test,COVID-19,./data/covid-chest-xray/COVID-19/COVID-19-307.jpg
test,COVID-19,./data/covid-chest-xray/COVID-19/COVID-19-227.jpg
test,COVID-19,./data/covid-chest-xray/COVID-19/COVID-19-218.jpg
test,COVID-19,./data/covid-chest-xray/COVID-19/COVID-19-74.jpg
test,COVID-19,./data/covid-chest-xray/COVID-19/COVID-19-51.png
test,COVID-19,./data/covid-chest-xray/COVID-19/COVID-19-104.jpeg
test,COVID-19,./data/covid-chest-xray/COVID-19/COVID-19-129.png
test,COVID-19,./data/covid-chest-xray/COVID-19/COVID-19-274.png
test,COVID-19,./data/covid-chest-xray/COVID-19/COVID-19-103.jpeg
test,COVID-19,./data/covid-chest-xray/COVID-19/COVID-19-68.png
test,COVID-19,./data/covid-chest-xray/COVID-19/COVID-19-147.jpg
test,COVID-19,./data/covid-chest-xray/COVID-19/COVID-19-189.jpeg
test,COVID-19,./data/covid-chest-xray/COVID-19/COVID-19-308.jpg
test,COVID-19,./data/covid-chest-xray/COVID-19/COVID-19-94.png
test,COVID-19,./data/covid-chest-xray/COVID-19/COVID-19-67.jpeg
test,COVID-19,./data/covid-chest-xray/COVID-19/COVID-19-27.jpg
test,Normal,./data/covid-chest-xray/Normal/Normal-223.jpeg
test,Normal,./data/covid-chest-xray/Normal/Normal-140.jpeg
test,Normal,./data/covid-chest-xray/Normal/Normal-243.jpeg
test,Normal,./data/covid-chest-xray/Normal/Normal-44.jpeg
test,Normal,./data/covid-chest-xray/Normal/Normal-256.jpeg
test,Normal,./data/covid-chest-xray/Normal/Normal-202.jpeg
test,Normal,./data/covid-chest-xray/Normal/Normal-182.jpeg
test,Normal,./data/covid-chest-xray/Normal/Normal-310.jpeg
test,Normal,./data/covid-chest-xray/Normal/Normal-5.jpeg
test,Normal,./data/covid-chest-xray/Normal/Normal-334.jpeg
test,Normal,./data/covid-chest-xray/Normal/Normal-94.jpeg
test,Normal,./data/covid-chest-xray/Normal/Normal-227.jpeg
test,Normal,./data/covid-chest-xray/Normal/Normal-446.jpeg
test,Normal,./data/covid-chest-xray/Normal/Normal-232.jpeg
test,Normal,./data/covid-chest-xray/Normal/Normal-452.jpeg
test,Normal,./data/covid-chest-xray/Normal/Normal-197.jpeg
test,Normal,./data/covid-chest-xray/Normal/Normal-340.jpeg
test,Normal,./data/covid-chest-xray/Normal/Normal-338.jpeg
test,Normal,./data/covid-chest-xray/Normal/Normal-373.jpeg
test,Normal,./data/covid-chest-xray/Normal/Normal-77.jpeg
test,Normal,./data/covid-chest-xray/Normal/Normal-331.jpeg
test,Normal,./data/covid-chest-xray/Normal/Normal-190.jpeg
test,Normal,./data/covid-chest-xray/Normal/Normal-320.jpeg
test,Normal,./data/covid-chest-xray/Normal/Normal-120.jpeg
test,Normal,./data/covid-chest-xray/Normal/Normal-262.jpeg
test,Normal,./data/covid-chest-xray/Normal/Normal-146.jpeg
test,Normal,./data/covid-chest-xray/Normal/Normal-82.jpeg
test,Normal,./data/covid-chest-xray/Normal/Normal-486.jpeg
test,Normal,./data/covid-chest-xray/Normal/Normal-451.jpeg
test,Normal,./data/covid-chest-xray/Normal/Normal-476.jpeg
test,Normal,./data/covid-chest-xray/Normal/Normal-336.jpeg
test,Normal,./data/covid-chest-xray/Normal/Normal-168.jpeg
test,Normal,./data/covid-chest-xray/Normal/Normal-274.jpeg
test,Normal,./data/covid-chest-xray/Normal/Normal-266.jpeg
test,Normal,./data/covid-chest-xray/Normal/Normal-193.jpeg
test,Normal,./data/covid-chest-xray/Normal/Normal-284.jpeg
test,Normal,./data/covid-chest-xray/Normal/Normal-11.jpeg
test,Normal,./data/covid-chest-xray/Normal/Normal-405.jpeg
test,Normal,./data/covid-chest-xray/Normal/Normal-425.jpeg
test,Normal,./data/covid-chest-xray/Normal/Normal-19.jpeg
test,Normal,./data/covid-chest-xray/Normal/Normal-101.jpeg
test,Normal,./data/covid-chest-xray/Normal/Normal-400.jpeg
test,Normal,./data/covid-chest-xray/Normal/Normal-270.jpeg
test,Normal,./data/covid-chest-xray/Normal/Normal-253.jpeg
test,Normal,./data/covid-chest-xray/Normal/Normal-48.jpeg
test,Normal,./data/covid-chest-xray/Normal/Normal-47.jpeg
test,Normal,./data/covid-chest-xray/Normal/Normal-194.jpeg
test,Normal,./data/covid-chest-xray/Normal/Normal-75.jpeg
test,Normal,./data/covid-chest-xray/Normal/Normal-280.jpeg
test,Normal,./data/covid-chest-xray/Normal/Normal-450.jpeg
test,Normal,./data/covid-chest-xray/Normal/Normal-458.jpeg
test,Normal,./data/covid-chest-xray/Normal/Normal-188.jpeg
test,Normal,./data/covid-chest-xray/Normal/Normal-327.jpeg
test,Normal,./data/covid-chest-xray/Normal/Normal-442.jpeg
test,Normal,./data/covid-chest-xray/Normal/Normal-241.jpeg
test,Normal,./data/covid-chest-xray/Normal/Normal-290.jpeg
test,Normal,./data/covid-chest-xray/Normal/Normal-148.jpeg
test,Normal,./data/covid-chest-xray/Normal/Normal-278.jpeg
test,Normal,./data/covid-chest-xray/Normal/Normal-70.jpeg
test,Normal,./data/covid-chest-xray/Normal/Normal-345.jpeg
test,Normal,./data/covid-chest-xray/Normal/Normal-4.jpeg
test,Normal,./data/covid-chest-xray/Normal/Normal-133.jpeg
test,Normal,./data/covid-chest-xray/Normal/Normal-205.jpeg
test,Normal,./data/covid-chest-xray/Normal/Normal-339.jpeg
test,Normal,./data/covid-chest-xray/Normal/Normal-179.jpeg
test,Normal,./data/covid-chest-xray/Normal/Normal-383.jpeg
test,Normal,./data/covid-chest-xray/Normal/Normal-257.jpeg
test,Normal,./data/covid-chest-xray/Normal/Normal-119.jpeg
test,Normal,./data/covid-chest-xray/Normal/Normal-154.jpeg
test,Normal,./data/covid-chest-xray/Normal/Normal-88.jpeg
test,Normal,./data/covid-chest-xray/Normal/Normal-99.jpeg
test,Normal,./data/covid-chest-xray/Normal/Normal-260.jpeg
test,Normal,./data/covid-chest-xray/Normal/Normal-259.jpeg
test,Normal,./data/covid-chest-xray/Normal/Normal-461.jpeg
